Material_encoded,Temperature_C,Surface_Area_cm2,Mixing_Speed_rpm,pH_Level,Dissolution_Rate_mg_min,Risk_Level_encoded
0,1.1752049385792285,-0.15645480204995563,-1.5131383002068637,0.39922652057954017,-0.6788592573045121,1
0,-1.2395997297342545,1.7467105004577348,1.3189697628562687,0.9834604531349677,-0.5716773984796834,1
2,1.1752049385792285,-1.1080374533038009,0.15932938455547876,-1.3534752770867424,0.7702972614021748,2
2,1.1752049385792285,-1.6560693466960679,-1.2203387362505183,-1.3534752770867424,-0.4614685808690442,1
0,-1.2395997297342545,0.002972657845976682,-0.34136928499755087,0.9834604531349677,-0.9959331901181423,0
2,-1.2395997297342545,-1.0980732370603052,0.9655270143573075,0.39922652057954017,-0.6686776686613319,1
1,1.1752049385792285,-0.44043496498958495,-0.0948012311395756,0.9834604531349677,0.42804453505203155,2
1,-0.03219739557751299,0.8748415791518557,1.706372694699094,0.9834604531349677,1.1752905880400228,2
2,1.1752049385792285,0.7951278492038896,-0.46451062208055577,0.9834604531349677,1.2566745026676047,2
1,1.1752049385792285,-0.644701397981248,0.8655014323234874,-1.3534752770867424,0.975236130105105,2
2,1.1752049385792285,0.17236433398540454,-0.40643585476562766,0.9834604531349677,1.0039234440524438,2
0,1.1752049385792285,0.0527937390634553,1.1494542258289109,-1.3534752770867424,1.022979525499477,2
0,-1.2395997297342545,0.49620136189901604,0.22168484724988577,-1.3534752770867424,-0.8802896055966165,1
1,1.1752049385792285,-0.8489678309729113,-1.5817721161245062,-1.3534752770867424,-0.6897975856441447,1
2,-0.03219739557751299,0.3367739020030846,-1.6769462433949167,0.39922652057954017,-0.6989472565194351,1
2,-1.2395997297342545,1.6919073111185075,-1.3309233668870524,-1.3534752770867424,-0.8844172766681759,1
1,-0.03219739557751299,-0.021937882762763074,-1.7595636642188563,-1.3534752770867424,-0.915925165847747,1
0,-0.03219739557751299,1.4378197969093656,-1.5395359217136493,0.39922652057954017,-0.7862474996829188,1
1,-0.03219739557751299,-0.20627588326743512,0.6591719150326126,-1.3534752770867424,0.17467432577613676,2
0,-0.03219739557751299,-0.5002202624505595,0.09783006093696756,0.9834604531349677,-0.41475710324256226,1
2,-1.2395997297342545,0.5310761187512514,0.8667856409373311,0.9834604531349677,-0.3756818170984656,1
0,-1.2395997297342545,0.6107898486992175,1.4491029023924225,-1.3534752770867424,-0.6872521884833498,1
1,-0.03219739557751299,1.2933386613786775,0.27904616533490056,0.39922652057954017,0.48012198507154075,2
2,-0.03219739557751299,-0.9187173446773814,0.7818851825776697,0.9834604531349677,0.36647344156793554,2
1,-1.2395997297342545,0.017918982211220003,0.8923271233682212,0.39922652057954017,-0.6792032298938087,1
1,-1.2395997297342545,0.2720064964203618,-0.4605153063930423,0.39922652057954017,-0.8956995775971053,1
0,-1.2395997297342545,0.9595374172215696,-0.9483718898076358,0.9834604531349677,-1.0284729970656032,0
1,1.1752049385792285,-1.5663914005046062,-1.0769354410379803,0.39922652057954017,-0.5672057548188272,1
0,1.1752049385792285,1.7467105004577348,-0.911415219698136,0.9834604531349677,0.13119619048904305,2
2,1.1752049385792285,-0.08172318022373813,-0.8283697293362484,0.39922652057954017,0.4426977673560678,2
0,-0.03219739557751299,-0.7443435604162058,-1.0690874995089361,0.9834604531349677,-0.8322022376129482,1
2,1.1752049385792285,1.3581060669613996,1.324534666849591,-1.3534752770867424,4.0000622858617785,2
0,-0.03219739557751299,0.8848057953953512,0.8920417436762558,0.9834604531349677,0.2691979933148495,2
1,-0.03219739557751299,1.6022293649270458,-1.641131092053278,0.9834604531349677,-0.6956451196621874,1
0,1.1752049385792285,-0.5649876680332819,-0.8499158960796248,0.9834604531349677,-0.38421233731302185,1
0,-0.03219739557751299,0.20723909083763895,-1.7291707270245573,0.9834604531349677,-0.9686905610458495,0
2,1.1752049385792285,0.27698860454210955,-0.031304249677307834,0.39922652057954017,1.4727580832637455,2
1,1.1752049385792285,1.6968894192402553,-0.10964097512176844,-1.3534752770867424,1.3820869087251546,2
0,-1.2395997297342545,-1.4567850218261524,1.1573021673579544,0.9834604531349677,-0.966695520027929,0
1,1.1752049385792285,-0.6546656142247441,-0.7105079165546007,0.39922652057954017,-0.07704481507113453,2
0,-1.2395997297342545,-1.0532342639645744,1.103936164960453,-1.3534752770867424,-0.9260379599730677,1
0,1.1752049385792285,-0.7842004253901889,1.6445879913886179,-1.3534752770867424,0.8200356978144671,2
1,1.1752049385792285,-0.026919990884510848,-1.4930190319233139,-1.3534752770867424,-0.4766033747980958,1
0,-1.2395997297342545,-0.4205065325025934,1.016181909681139,-1.3534752770867424,-0.8651548116675649,1
1,-1.2395997297342545,-0.34577491067637545,0.29616894685281575,0.9834604531349677,-0.8269738542556394,1
0,1.1752049385792285,1.223589147674207,-0.09594274990743677,0.9834604531349677,0.6589877315057866,2
2,-0.03219739557751299,1.5225156349790796,-0.30826524072958206,0.39922652057954017,0.6407571842730656,2
1,-1.2395997297342545,-1.476713454313144,0.9907831170962318,0.39922652057954017,-0.8804959891501946,1
0,-0.03219739557751299,-0.9934489665035998,0.472390906641357,0.39922652057954017,-0.42218691117136947,1
0,-0.03219739557751299,0.620754064942713,1.0634122487013877,-1.3534752770867424,0.2617681853860424,2
2,-0.03219739557751299,-0.4703276137200725,1.4134304408967662,-1.3534752770867424,0.9481310900685309,2
1,-1.2395997297342545,-0.8340215066076675,0.3936261116589481,0.9834604531349677,-0.8707271676141702,1
0,-0.03219739557751299,-0.689540371076979,1.6892499131811793,-1.3534752770867424,0.03949309818256257,2
2,-1.2395997297342545,-0.5948803167637695,0.3608074470829447,-1.3534752770867424,-0.6933749005728297,1
0,-0.03219739557751299,1.2385354720394504,0.46268799711453845,-1.3534752770867424,0.16786366850806342,2
1,1.1752049385792285,-1.2425543725909938,0.17074457223408848,0.39922652057954017,0.2118921599380317,2
0,1.1752049385792285,0.7502888761081588,-1.4837441919344432,0.39922652057954017,-0.5226269072459844,1
0,-1.2395997297342545,0.20723909083763895,0.7828840114995479,0.9834604531349677,-0.8282121555771073,1
0,1.1752049385792285,-0.6845582629552311,0.14448964057328592,-1.3534752770867424,0.10209610943454855,2
0,1.1752049385792285,-0.2560969644849133,-0.19982095778278747,-1.3534752770867424,0.07031304218354019,2
2,-0.03219739557751299,-0.8290393984859197,1.4395426827115863,0.9834604531349677,0.7487645773122061,2
2,-1.2395997297342545,0.4115055238293021,-0.7454669288203437,-1.3534752770867424,-0.8178929778982085,1
1,-0.03219739557751299,-1.436856589339161,0.05944649236764158,-1.3534752770867424,-0.46236290960121545,1
2,-0.03219739557751299,-1.7009083197917987,0.6802900122380409,0.39922652057954017,-0.06445541830287801,2
2,-0.03219739557751299,0.47129082129027716,1.0328766216611063,0.9834604531349677,1.2378248047741496,2
1,-0.03219739557751299,-1.0432700477210783,-0.16971340028045348,0.9834604531349677,-0.42941033554659863,1
2,-0.03219739557751299,-1.4717313461913963,1.195543046081298,0.9834604531349677,0.26025470599313727,2
2,-0.03219739557751299,-0.3358106944328795,0.9345633177790778,0.9834604531349677,0.7465631527407078,2
1,-0.03219739557751299,-1.5414808598958665,-1.5720692065976876,0.39922652057954017,-0.9911175738679895,0
1,-1.2395997297342545,1.3730523913266437,-1.6446983382028437,0.39922652057954017,-1.0766979540849901,0
1,1.1752049385792285,-1.6261766979655803,0.406182818105419,-1.3534752770867424,0.1344983273462907,2
0,-0.03219739557751299,0.29691703702910155,-0.5691022791858198,-1.3534752770867424,-0.49641619594158143,1
0,-0.03219739557751299,-0.19132955890219092,-1.0623810767477528,-1.3534752770867424,-0.7581105418784548,1
1,-0.03219739557751299,0.620754064942713,0.25935496658929846,-1.3534752770867424,0.25495752811796923,2
1,-0.03219739557751299,-0.5749518842767779,-0.5899349966992831,0.39922652057954017,-0.47846082678029755,1
1,-0.03219739557751299,-1.1777869670082715,0.108246419693699,0.9834604531349677,-0.36997187211614163,1
0,-0.03219739557751299,1.701871527362003,-0.16700229320678367,0.39922652057954017,-0.040377337052114146,2
0,1.1752049385792285,1.203660715187215,0.27761926687507443,-1.3534752770867424,0.950057336568592,2
2,1.1752049385792285,1.2783923370134334,-0.3803236129508072,0.39922652057954017,1.616951392696891,2
2,-0.03219739557751299,-0.8489678309729113,0.6804327020840234,0.9834604531349677,0.3498251682459788,2
1,1.1752049385792285,-1.5863198329915977,-1.1659739049311382,0.9834604531349677,-0.6153619173203548,1
0,-1.2395997297342545,-0.6646298304682396,0.6762946965505274,0.39922652057954017,-0.9289961242410189,1
0,-0.03219739557751299,0.15243590149841255,-0.3397996966917422,0.39922652057954017,-0.4327124724038462,1
0,-1.2395997297342545,-0.5799339923985257,1.3105510619432934,0.39922652057954017,-0.8496760451492168,1
1,-1.2395997297342545,1.1687859583349804,0.029624314557273,-1.3534752770867424,-0.7094728177519118,1
2,-0.03219739557751299,-0.7742362091466929,1.662994981520376,0.39922652057954017,0.8970855578169112,2
1,1.1752049385792285,1.6470683380227766,0.33883321080162027,0.39922652057954017,1.8490640959542544,2
2,-1.2395997297342545,-0.126562153319469,-1.009871213426147,0.39922652057954017,-0.9325734391697037,1
2,-0.03219739557751299,1.2136249314307115,1.1231992941681075,0.9834604531349677,1.713745279324962,2
1,-1.2395997297342545,-1.0432700477210783,-0.5773782902528117,0.9834604531349677,-1.0240701479226064,0
2,-1.2395997297342545,-0.28598961321540084,-0.5683888299559064,-1.3534752770867424,-0.8485753328634675,1
2,-1.2395997297342545,0.7203962273776712,-1.6949251639887275,-1.3534752770867424,-1.050831215369884,0
0,-1.2395997297342545,-1.237572264469246,0.14905571564472983,0.9834604531349677,-1.0345269146372238,0
2,1.1752049385792285,-1.2575006969562375,0.09811544062893295,0.9834604531349677,0.6263103355226073,2
1,-1.2395997297342545,1.6620146623880199,-0.5384239622995554,0.9834604531349677,-0.7958099376653651,1
1,-1.2395997297342545,0.7702173085951498,1.3814679153966583,0.39922652057954017,-0.4710998133693497,1
2,-1.2395997297342545,-1.5763556167481017,-1.3490449773268456,0.39922652057954017,-1.106485980318078,0
0,1.1752049385792285,-0.3308285863111317,-0.6308869824962959,0.9834604531349677,-0.20066856366434216,2
0,-1.2395997297342545,-0.21125799138918291,-0.6611372298446124,0.39922652057954017,-1.0497992976019939,0
2,-1.2395997297342545,0.8748415791518557,-1.4791781168629992,0.39922652057954017,-0.9818303139569806,0
2,1.1752049385792285,-0.8439857228511635,-0.09194743421992327,-1.3534752770867424,0.7345929066331851,2
1,1.1752049385792285,-1.0781448045733137,0.6451883101263152,0.9834604531349677,0.5732009677352081,2
2,1.1752049385792285,-1.436856589339161,0.01678222841883671,0.9834604531349677,0.4540488628028568,2
0,-1.2395997297342545,-0.22620431575442623,-1.2484486359090954,0.39922652057954017,-1.1233406371936128,0
2,1.1752049385792285,0.6805393624036881,-0.4625129642367992,0.9834604531349677,1.201707682898004,2
1,1.1752049385792285,-1.5165703192871272,-1.7990887515560432,-1.3534752770867424,-0.9168194945799183,1
1,-1.2395997297342545,1.472694553761601,1.2891475850458998,-1.3534752770867424,-0.37932792654500985,1
1,1.1752049385792285,-0.1763832345369476,-1.5068599469836284,-1.3534752770867424,-0.5158162499779112,1
1,-1.2395997297342545,-0.8838425878251466,0.32228118866763583,0.9834604531349677,-0.8866874957575339,1
1,-0.03219739557751299,-1.3920176162434301,1.709797251002677,0.9834604531349677,0.08145775407675095,2
2,1.1752049385792285,-1.0831269126950616,0.10582069231199456,0.9834604531349677,0.7450496733478027,2
2,-0.03219739557751299,1.5374619593443228,1.4879145404996958,0.9834604531349677,2.209340985983541,2
2,-1.2395997297342545,0.5061655781425125,-0.9660654307094811,0.9834604531349677,-0.8671498526854854,1
2,1.1752049385792285,0.08268638779394195,0.9026007922789702,-1.3534752770867424,2.3415640493091643,2
1,-1.2395997297342545,0.5709329837252344,0.08684294279630532,0.39922652057954017,-0.7613438842178432,1
0,-0.03219739557751299,-0.20129377514568647,0.7619086041401021,-1.3534752770867424,-0.10800234810783094,2
2,-1.2395997297342545,0.8250204979343762,-1.5859101216580023,0.9834604531349677,-1.0149892715651756,0
0,1.1752049385792285,-1.5564271842611102,-1.2814099903310814,-1.3534752770867424,-0.7956035541117871,1
2,1.1752049385792285,0.2520780639333707,-1.3334917841147393,0.9834604531349677,0.026834906896446662,2
2,-0.03219739557751299,-1.1678227507647754,0.6429052725905932,0.9834604531349677,0.17770128456194703,2
0,-1.2395997297342545,-1.3023396700519685,1.2039617469942734,-1.3534752770867424,-0.944681274312945,0
1,1.1752049385792285,-0.5301129111810471,0.8656441221694703,0.9834604531349677,1.0499469765003322,2
2,-0.03219739557751299,-1.401981832486926,-1.699633928906154,0.39922652057954017,-0.9306471926696426,1
2,1.1752049385792285,-1.3920176162434301,1.2851522693583866,0.9834604531349677,1.3640627450460112,2
2,1.1752049385792285,-0.6347371817377525,-0.5449876952147562,0.39922652057954017,0.4617538488031009,2
0,-1.2395997297342545,1.6968894192402553,-0.39159611078343487,0.39922652057954017,-0.8908151668290933,1
1,1.1752049385792285,-1.1080374533038009,-1.4342308153784724,0.9834604531349677,-0.6503095323928921,1
0,-1.2395997297342545,-1.6610514548178157,0.8221237191447697,-1.3534752770867424,-1.0162963674045027,0
0,1.1752049385792285,0.9396089847345777,-1.158125963402094,0.39922652057954017,-0.24676089063008996,2
1,-0.03219739557751299,1.0940543365087623,0.2034205469641098,-1.3534752770867424,0.3704635236037764,2
0,1.1752049385792285,-0.5151665868158033,1.190691591317889,0.39922652057954017,0.7393397283654788,2
1,-1.2395997297342545,-0.10165161271072923,-1.4901652350036612,0.9834604531349677,-1.103940583157283,0
2,-1.2395997297342545,0.5460224431164955,0.10125461724055068,0.9834604531349677,-0.5776625215334446,1
1,-0.03219739557751299,-1.5514450761393623,-0.9764817894662129,0.39922652057954017,-0.8112887041837132,1
2,1.1752049385792285,1.5872830405618024,-0.5850835419358738,0.9834604531349677,1.4877552881570784,2
0,1.1752049385792285,1.3730523913266437,-0.11763160649679545,0.39922652057954017,0.6940041410961831,2
0,-0.03219739557751299,-0.8091109659989282,-0.5415631389111731,0.9834604531349677,-0.6809230928402918,1
2,1.1752049385792285,-1.6660335629395635,0.5062084001392391,-1.3534752770867424,0.6177798153080508,2
0,1.1752049385792285,1.5324798512225752,-0.09751233821324543,0.9834604531349677,0.7686461929735512,2
1,-1.2395997297342545,0.02788319845471555,0.2756216090313179,-1.3534752770867424,-0.7870730338972307,1
2,1.1752049385792285,0.1624001177419081,0.8201260613010132,0.9834604531349677,2.3194122145584615,2
0,1.1752049385792285,0.6655930380384439,0.18130362083680285,-1.3534752770867424,0.6583685808450529,2
2,-0.03219739557751299,0.4264518481945463,0.2838976200983099,0.9834604531349677,0.6893949083996083,2
1,-0.03219739557751299,1.5723367161965582,0.20513282511590136,-1.3534752770867424,0.5202979835013868,2
1,-1.2395997297342545,1.5723367161965582,-0.4572334399354421,0.39922652057954017,-0.7835645134864051,1
0,1.1752049385792285,1.3033028776221731,-0.604632050835493,0.39922652057954017,0.2749079382971737,2
1,1.1752049385792285,0.49620136189901604,1.4008737344502953,-1.3534752770867424,2.1706096724287414,2
2,1.1752049385792285,1.07412590402177,0.35895247908517025,0.9834604531349677,2.470141003188243,2
1,-1.2395997297342545,0.6406824974297051,-0.9366713224370605,-1.3534752770867424,-0.9603664243848712,0
2,-1.2395997297342545,0.27698860454210955,-0.031018869985342437,0.9834604531349677,-0.6505159159464701,1
2,-0.03219739557751299,-1.272447021321481,-0.6298881535744177,0.39922652057954017,-0.43883518449332615,1
1,-1.2395997297342545,1.1090006608740055,1.5223027933815088,0.9834604531349677,-0.3851754605630524,1
0,1.1752049385792285,1.138893309604493,-1.7815379005001806,0.39922652057954017,-0.6975713661622486,1
1,1.1752049385792285,0.46132660504678163,-1.00459168912479,0.9834604531349677,0.044033536361278,2
2,-1.2395997297342545,1.138893309604493,-0.5050345383396212,0.9834604531349677,-0.6725301616614542,1
2,1.1752049385792285,0.5510045512382433,-0.06826091978680764,0.9834604531349677,1.5989272290177479,2
1,1.1752049385792285,-0.9984310746253475,1.2266494325055102,-1.3534752770867424,0.9681502947655943,2
0,-1.2395997297342545,-0.7642719929031974,-1.4948739999210878,-1.3534752770867424,-1.1708776490344064,0
0,-1.2395997297342545,-0.9735205340166082,1.066408735467023,0.39922652057954017,-0.9205343985443217,1
2,1.1752049385792285,-0.40556020813735005,-1.6098820157830833,0.39922652057954017,-0.4251450754393205,1
2,1.1752049385792285,-1.5863198329915977,1.1963991851571938,-1.3534752770867424,1.126033713252746,2
0,1.1752049385792285,0.4364160644380419,-1.6241510003813457,0.39922652057954017,-0.6668890111969894,1
1,-0.03219739557751299,-0.5450592355462904,-1.743297021776837,-1.3534752770867424,-0.9546564794025473,0
2,-0.03219739557751299,0.5659508756034867,0.6778642848563364,0.9834604531349677,1.0332987031783756,2
2,-0.03219739557751299,-0.37566755940686253,1.7490369586478989,0.39922652057954017,1.1985431350764748,2
0,-1.2395997297342545,0.6556288217949483,1.3900293061556153,0.39922652057954017,-0.6907607088941753,1
1,-0.03219739557751299,-0.5350950193027948,0.24637019060487966,-1.3534752770867424,-0.11756478609027717,2
0,-1.2395997297342545,-0.8140930741206759,1.4642280260665805,0.39922652057954017,-0.8607519625245681,1
1,-1.2395997297342545,0.007954765967724455,-1.789385842029225,0.39922652057954017,-1.1518215675873735,0
1,-0.03219739557751299,0.6954856867689314,1.6699867839735247,0.9834604531349677,1.06852149632235,2
1,-0.03219739557751299,-0.5052023705723073,-0.05770187118409329,0.39922652057954017,-0.23774880879051832,2
2,-0.03219739557751299,1.5474261755878194,0.770327305053077,0.9834604531349677,1.5884016677852713,2
0,1.1752049385792285,-1.5863198329915977,1.1199174277105073,-1.3534752770867424,0.1270685194174836,2
0,-0.03219739557751299,-0.2610790726066615,0.7544887321490059,0.39922652057954017,-0.12870949798348774,2
1,1.1752049385792285,1.6520504461445245,0.10025578831867199,0.9834604531349677,1.5919789827139563,2
2,-1.2395997297342545,0.19229276647239563,-0.10821407666194227,-1.3534752770867424,-0.6820238051260411,1
2,1.1752049385792285,-0.24613274824141776,1.1831290294808097,0.39922652057954017,2.3414952547913055,2
0,-0.03219739557751299,0.26204228017686626,-1.076792751191998,-1.3534752770867424,-0.7049323795731964,1
2,-1.2395997297342545,0.2869528207856051,1.6447306812346003,0.39922652057954017,-0.22460905587938723,2
2,-1.2395997297342545,0.830002606056124,0.727805730950255,-1.3534752770867424,-0.3575888589014631,1
1,-1.2395997297342545,-1.2774291294432292,-1.0966266397835827,-1.3534752770867424,-1.1063483912823593,0
2,1.1752049385792285,-0.8489678309729113,0.8179857136112737,0.9834604531349677,1.4867921649070477,2
1,-0.03219739557751299,0.3018991451508493,0.08170610834093105,-1.3534752770867424,0.062057700040421104,2
0,-1.2395997297342545,1.3033028776221731,0.7145355752738709,0.39922652057954017,-0.7277721595024924,1
2,-1.2395997297342545,0.23713173956812647,0.9304253122455818,0.39922652057954017,-0.4151010758318589,1
0,-1.2395997297342545,-0.8888246959468943,-1.4970143476108273,0.9834604531349677,-1.175005320105966,0
0,1.1752049385792285,0.6506467136732006,-0.002908970326765414,0.39922652057954017,0.5209171341621209,2
2,1.1752049385792285,0.8598952547866114,1.5163098198502383,0.39922652057954017,3.7652665964079013,2
2,-0.03219739557751299,-0.8888246959468943,-0.6645617861481956,0.39922652057954017,-0.3467193250796897,1
0,1.1752049385792285,-0.40556020813735005,0.3101525517591128,-1.3534752770867424,0.3059342658517293,2
2,-1.2395997297342545,0.14247168525491702,-0.49119362327930666,-1.3534752770867424,-0.782463801200656,1
1,-0.03219739557751299,0.01293687408947223,-0.18783501072024697,0.39922652057954017,-0.15505779832360933,2
1,-1.2395997297342545,-0.3607212350416188,0.14862764610678192,0.9834604531349677,-0.8526342094171678,1
2,-1.2395997297342545,-0.6845582629552311,0.1497691648746427,-1.3534752770867424,-0.7494424326281799,1
0,1.1752049385792285,-1.3720891837564386,-1.0887786982545382,0.9834604531349677,-0.6818862160903224,1
2,-0.03219739557751299,-1.5364987517741187,0.6336304326017226,0.39922652057954017,-0.0017148180151734319,2
2,1.1752049385792285,1.6221577974140378,-1.4948739999210878,0.39922652057954017,0.19558785920537156,2
0,1.1752049385792285,1.2335533639177025,-1.3130871361392242,-1.3534752770867424,-0.31232206615002706,1
0,-0.03219739557751299,-0.48527393808531577,-1.7986606820180955,0.39922652057954017,-1.0404432431731256,0
1,-1.2395997297342545,1.617175689292289,-1.3921373108135982,-1.3534752770867424,-1.0065275458684784,0
0,-1.2395997297342545,0.6406824974297051,-0.12048540341644819,0.39922652057954017,-0.9197088643300098,1
1,-0.03219739557751299,-0.03688420712800639,0.353815644629796,0.39922652057954017,0.09005706880916661,2
0,-1.2395997297342545,-0.0020094502757719767,1.0250286801320618,-1.3534752770867424,-0.8180305669339272,1
2,-0.03219739557751299,-1.4318744812174131,-1.4278097723092542,-1.3534752770867424,-0.819888018916129,1
1,-0.03219739557751299,-1.401981832486926,1.2263640528135453,-1.3534752770867424,-0.07738878766043111,2
1,1.1752049385792285,0.3816128750988155,0.8526593461850516,0.39922652057954017,1.613718050357503,2
1,-0.03219739557751299,0.21222119895938762,-0.35107219452436944,0.39922652057954017,-0.18436426293168198,2
2,1.1752049385792285,-0.978502642138356,1.519591686307839,0.9834604531349677,1.9387033527249558,2
2,-1.2395997297342545,1.577318824318306,1.7264919629826445,-1.3534752770867424,0.10512306822035884,2
2,-1.2395997297342545,1.0043763903173004,-1.0770781308839632,0.39922652057954017,-0.8560739353101341,1
2,-1.2395997297342545,-1.3272502106607078,-0.4555211617836505,0.39922652057954017,-0.9445436852772262,0
2,-1.2395997297342545,1.5274977431008274,1.4964759312586535,-1.3534752770867424,0.018029208610453002,2
1,1.1752049385792285,1.6769609867532642,0.7657612299816331,0.9834604531349677,2.335303748183966,2
2,-1.2395997297342545,1.7516926085794824,-1.636850396673799,-1.3534752770867424,-0.9832062043141672,0
1,-0.03219739557751299,-1.526534535530623,0.9795106192636046,0.9834604531349677,-0.20658489220024412,2
2,-0.03219739557751299,0.8499310385431159,1.145173530449432,0.39922652057954017,1.5286192317655176,2
0,-0.03219739557751299,0.18232855022890007,0.8689259886270706,0.9834604531349677,0.04623496093277631,2
1,1.1752049385792285,0.7403246598646622,1.0437210499557856,0.39922652057954017,2.0176794592274607,2
0,-1.2395997297342545,1.657032554266272,1.1350425513846651,-1.3534752770867424,-0.6158434789453702,1
1,-1.2395997297342545,0.6805393624036881,-1.1434289092658836,-1.3534752770867424,-0.9999232721539831,0
0,-1.2395997297342545,1.1986786070654671,-0.96763501901529,-1.3534752770867424,-1.0200800658867655,0
2,1.1752049385792285,1.3033028776221731,0.4524143282037895,0.9834604531349677,2.760316279518877,2
2,-0.03219739557751299,1.203660715187215,1.430267842722716,0.39922652057954017,1.9585849683863006,2
2,-0.03219739557751299,-0.2361685319979218,-0.6804003590522667,-1.3534752770867424,-0.17205004423486267,2
1,-1.2395997297342545,-0.9436278852861212,0.2903186631675282,-1.3534752770867424,-0.898176180240041,1
0,-0.03219739557751299,-0.3358106944328795,0.6280655286084004,0.39922652057954017,-0.1939954954319876,2
2,-0.03219739557751299,1.387998715691887,-0.19611102178723896,-1.3534752770867424,0.691183565863951,2
0,1.1752049385792285,-1.2076796157387586,0.7379367100150211,0.39922652057954017,0.15905797022206977,2
0,1.1752049385792285,0.06774006342869862,1.401016424296278,0.39922652057954017,1.1898750258261999,2
2,1.1752049385792285,-0.9087531284338859,0.41802607532197705,0.39922652057954017,1.112962754859474,2
2,1.1752049385792285,0.3068812532725971,0.11723587999060428,0.39922652057954017,1.657333774680315,2
0,-1.2395997297342545,1.288356553256929,-0.24319867096150521,0.39922652057954017,-0.8923286462219985,1
2,1.1752049385792285,1.348141850717904,0.25164971490623683,0.9834604531349677,2.519741850564817,2
2,-0.03219739557751299,-0.8938068040686421,-0.5407069998352774,-1.3534752770867424,-0.28604256032776465,1
2,-1.2395997297342545,1.4428019050311134,-0.41185806891296733,0.9834604531349677,-0.6082760819808443,1
1,-0.03219739557751299,0.34175601012483237,0.08884060064006227,-1.3534752770867424,0.0775364665587693,2
0,-0.03219739557751299,-0.5002202624505595,-1.570784997983844,0.9834604531349677,-0.9661451638850544,0
0,-0.03219739557751299,0.7502888761081588,-0.9913215334484057,0.39922652057954017,-0.6045611780164407,1
1,1.1752049385792285,-0.04186631524975505,0.12808030828528402,-1.3534752770867424,0.7837809869026027,2
0,1.1752049385792285,-0.40057810001560185,-0.2690255330843603,-1.3534752770867424,-0.018156707783552196,2
2,-1.2395997297342545,0.7403246598646622,-0.6211840729694778,0.9834604531349677,-0.750543144913929,1
0,-1.2395997297342545,-0.853949939094659,0.7977237554817408,0.9834604531349677,-0.9352564253662173,1
2,1.1752049385792285,-0.5699697761550302,0.6663064073317438,-1.3534752770867424,1.580903065338605,2
1,-0.03219739557751299,-0.20627588326743512,-1.2136323134893348,0.9834604531349677,-0.6820238051260411,1
2,-1.2395997297342545,-0.8340215066076675,1.3259615653094174,0.9834604531349677,-0.5489064130682466,1
0,1.1752049385792285,-0.3059180457023924,-0.041007159204125995,0.9834604531349677,0.14419835436445552,2
0,1.1752049385792285,0.2720064964203618,0.8366780834349975,0.39922652057954017,0.934647364568103,2
0,1.1752049385792285,0.8648773629083593,0.2362392115401132,0.39922652057954017,0.7784838090274346,2
1,-0.03219739557751299,0.954555309099821,1.750606546953708,0.9834604531349677,1.2401638183813666,2
1,1.1752049385792285,1.1488575258479885,0.8756324113882539,0.9834604531349677,2.1210088250521677,2
0,1.1752049385792285,0.8748415791518557,0.7136794361979751,0.39922652057954017,1.1402053839317672,2
2,1.1752049385792285,0.6556288217949483,0.9689515706608902,0.39922652057954017,2.9047847670234606,2
1,1.1752049385792285,-0.8938068040686421,-1.2978193226190833,-1.3534752770867424,-0.5216637839959538,1
0,-1.2395997297342545,-0.3258464781893839,-1.0786477191897719,-1.3534752770867424,-1.1067611583895154,0
0,-1.2395997297342545,-0.05681263961499838,0.7389355389368998,0.39922652057954017,-0.8606831680067089,1
1,1.1752049385792285,-1.4318744812174131,-0.04614399365950067,0.9834604531349677,0.004958250217181111,2
1,-0.03219739557751299,0.12254325276792502,0.8836230427632809,0.9834604531349677,0.4047919880155797,2
1,-1.2395997297342545,-0.20129377514568647,-1.441222617831621,0.9834604531349677,-1.1000192956393013,0
2,1.1752049385792285,1.07412590402177,0.10539262277404668,0.9834604531349677,2.142679098177855,2
2,-1.2395997297342545,1.6919073111185075,-0.4569480602434767,-1.3534752770867424,-0.5941732058196827,1
0,-1.2395997297342545,0.2172033070811354,-0.1781321011934284,0.39922652057954017,-0.9589217395098253,0
1,-0.03219739557751299,-0.5948803167637695,0.34611039294673435,0.9834604531349677,-0.0961008965181676,2
2,1.1752049385792285,-1.571373508626354,-0.016607195541097484,-1.3534752770867424,0.35051311342457214,2
1,1.1752049385792285,1.5025872024920885,0.11752125968256968,0.9834604531349677,1.5370121629443554,2
0,-0.03219739557751299,1.4826587700050966,-0.07339775424218191,0.39922652057954017,-0.038726268623490406,2
2,-0.03219739557751299,-0.8390036147294156,-0.34950260621856033,-1.3534752770867424,-0.17136209905626948,2
2,1.1752049385792285,0.7054499030124269,0.9451223663817921,0.39922652057954017,2.918956437702482,2
2,1.1752049385792285,-1.4567850218261524,-1.7648431885202136,0.39922652057954017,-0.7667786511287298,1
0,-0.03219739557751299,-1.142912210156036,0.32641919420113225,-1.3534752770867424,-0.5017821683346089,1
1,-1.2395997297342545,-0.9635563177731127,0.20898545095743198,-1.3534752770867424,-0.9114535221868909,1
2,-1.2395997297342545,-0.6945224791987271,0.7463554109279961,-1.3534752770867424,-0.6329045193744828,1
0,-0.03219739557751299,1.7516926085794824,0.3285595418908713,-1.3534752770867424,0.2330120769208445,2
1,-1.2395997297342545,0.7104320111341756,1.1410355249159354,-1.3534752770867424,-0.5303318932462289,1
0,-0.03219739557751299,-0.3806496675286103,1.6129108455804748,-1.3534752770867424,0.1297515056139973,2
1,-1.2395997297342545,0.8499310385431159,-0.5865104403957,-1.3534752770867424,-0.8728597976678094,1
0,-1.2395997297342545,1.472694553761601,-0.9973145069796759,0.9834604531349677,-1.012168696332943,0
1,1.1752049385792285,1.6221577974140378,-0.29727812258891984,0.39922652057954017,1.1435763153068739,2
2,1.1752049385792285,-1.5165703192871272,-0.7812820801619823,-1.3534752770867424,-0.12568253919767744,2
1,-1.2395997297342545,-0.34577491067637545,0.3853501005919561,0.9834604531349677,-0.8126645945408997,1
0,-1.2395997297342545,-1.3471786431476993,1.4443941374749951,0.9834604531349677,-0.9287897406874408,1
0,1.1752049385792285,-0.5500413436680386,-1.3120883072173457,0.9834604531349677,-0.6289144373386419,1
1,1.1752049385792285,-1.1279658857907924,-1.4487851796687001,0.39922652057954017,-0.6626237510897113,1
2,1.1752049385792285,0.5360582268729991,-0.8951485772561169,-1.3534752770867424,0.622045075415329,2
2,-0.03219739557751299,-0.365703343163367,0.7817424927316872,0.9834604531349677,0.6421330746302519,2
1,-1.2395997297342545,-0.9187173446773814,0.3068706853015126,0.39922652057954017,-0.893085385918451,1
1,1.1752049385792285,-0.7941646416336844,-1.4437910350593082,0.39922652057954017,-0.5921781648017622,1
0,-1.2395997297342545,-0.46534550559832466,1.4690794808299894,0.39922652057954017,-0.8172738272374745,1
2,-0.03219739557751299,-0.8140930741206759,1.0100462463038864,0.9834604531349677,0.5357079555018758,2
1,-0.03219739557751299,-0.1415084776847123,-1.7261742402589224,-1.3534752770867424,-0.9105591934547196,1
2,1.1752049385792285,-1.6062482654785888,0.5151978604361444,0.9834604531349677,0.6678622243096397,2
1,-0.03219739557751299,-0.7443435604162058,0.9428393288460701,0.9834604531349677,0.09108898657705639,2
1,-1.2395997297342545,-0.28598961321540084,-0.4726439433015653,-1.3534752770867424,-0.9457819865986942,0
2,1.1752049385792285,0.3816128750988155,-1.5625089869168518,-1.3534752770867424,-0.19482102964629938,2
1,-1.2395997297342545,-0.7742362091466929,-1.5325441192605007,-1.3534752770867424,-1.139025787265539,0
1,-1.2395997297342545,-1.2575006969562375,-1.4365138529141943,0.39922652057954017,-1.1470059513372206,0
0,-0.03219739557751299,-1.4567850218261524,1.1896927623960107,-1.3534752770867424,-0.36955910500898564,1
1,-0.03219739557751299,1.5573903918313148,1.4402561319414995,0.9834604531349677,1.33055981484852,2
1,-0.03219739557751299,-0.2660611807284093,-1.3703057643782566,-1.3534752770867424,-0.7618254458428584,1
1,-0.03219739557751299,0.3068812532725971,-0.9667788799393943,0.9834604531349677,-0.47825444322671956,1
0,-0.03219739557751299,1.4826587700050966,-1.2179130088688137,0.39922652057954017,-0.6191456158026178,1
